id,name,email,passwordHash,isActive,baseLocationCode,rating,reviewCount,starLevel,createdAt,updatedAt
50f8e98c-62f3-48df-9420-77b6308af331,Vendor_1_MUM,vendor1@eventhub.com,$2b$10$VyMyYM2Xw5GBq9.3jSFMW.OVF94UWH6n8XCkWzF6VJ5wTEjOARqx.,True,MUM,9.6,33,2,2026-02-23T10:07:06.141899,2026-02-23T10:07:06.141899
4264bce1-aa70-4b31-85ae-a8def70a8bfc,Vendor_2_MUM,vendor2@eventhub.com,$2b$10$VyMyYM2Xw5GBq9.3jSFMW.OVF94UWH6n8XCkWzF6VJ5wTEjOARqx.,True,MUM,2.7,742,2,2026-02-23T10:07:06.141899,2026-02-23T10:07:06.141899
155531e0-1e06-4750-80de-753f9a96cabe,Vendor_3_MUM,vendor3@eventhub.com,$2b$10$VyMyYM2Xw5GBq9.3jSFMW.OVF94UWH6n8XCkWzF6VJ5wTEjOARqx.,True,MUM,9.8,651,2,2026-02-23T10:07:06.141899,2026-02-23T10:07:06.141899
e3d4d726-c512-42b9-b2eb-d49915ad63a1,Vendor_4_MUM,vendor4@eventhub.com,$2b$10$VyMyYM2Xw5GBq9.3jSFMW.OVF94UWH6n8XCkWzF6VJ5wTEjOARqx.,True,MUM,7.6,269,4,2026-02-23T10:07:06.141899,2026-02-23T10:07:06.141899
286d7df2-5785-4fd5-9ba0-0418728950c2,Vendor_5_MUM,vendor5@eventhub.com,$2b$10$VyMyYM2Xw5GBq9.3jSFMW.OVF94UWH6n8XCkWzF6VJ5wTEjOARqx.,True,MUM,5.9,637,3,2026-02-23T10:07:06.141899,2026-02-23T10:07:06.141899
099efa08-d07f-4746-b59a-ba0ac8e12552,Vendor_6_MUM,vendor6@eventhub.com,$2b$10$VyMyYM2Xw5GBq9.3jSFMW.OVF94UWH6n8XCkWzF6VJ5wTEjOARqx.,True,MUM,9.6,692,3,2026-02-23T10:07:06.141899,2026-02-23T10:07:06.141899
329f0034-6193-44c8-a62f-004a9932f7cb,Vendor_7_MUM,vendor7@eventhub.com,$2b$10$VyMyYM2Xw5GBq9.3jSFMW.OVF94UWH6n8XCkWzF6VJ5wTEjOARqx.,True,MUM,3.2,828,3,2026-02-23T10:07:06.141899,2026-02-23T10:07:06.141899
5508a552-7da2-4c0a-afe1-ca27c3b36a65,Vendor_8_MUM,vendor8@eventhub.com,$2b$10$VyMyYM2Xw5GBq9.3jSFMW.OVF94UWH6n8XCkWzF6VJ5wTEjOARqx.,True,MUM,9.2,742,2,2026-02-23T10:07:06.141899,2026-02-23T10:07:06.141899
1326e16c-e97c-4919-84ea-bcb40a0d5d19,Vendor_9_MUM,vendor9@eventhub.com,$2b$10$VyMyYM2Xw5GBq9.3jSFMW.OVF94UWH6n8XCkWzF6VJ5wTEjOARqx.,True,MUM,8.8,653,3,2026-02-23T10:07:06.141899,2026-02-23T10:07:06.141899
cd48c0a8-be24-467c-9367-a07a74d6760f,Vendor_10_MUM,vendor10@eventhub.com,$2b$10$VyMyYM2Xw5GBq9.3jSFMW.OVF94UWH6n8XCkWzF6VJ5wTEjOARqx.,True,MUM,4.7,716,2,2026-02-23T10:07:06.141899,2026-02-23T10:07:06.141899
aa4fffdb-c520-46c7-af86-7521f27c8569,Vendor_11_MUM,vendor11@eventhub.com,$2b$10$VyMyYM2Xw5GBq9.3jSFMW.OVF94UWH6n8XCkWzF6VJ5wTEjOARqx.,True,MUM,3.8,478,3,2026-02-23T10:07:06.141899,2026-02-23T10:07:06.141899
ce0f83de-a388-4f15-b512-564f1c789d8a,Vendor_12_MUM,vendor12@eventhub.com,$2b$10$VyMyYM2Xw5GBq9.3jSFMW.OVF94UWH6n8XCkWzF6VJ5wTEjOARqx.,True,MUM,3.4,817,2,2026-02-23T10:07:06.141899,2026-02-23T10:07:06.141899
3cf48f6d-6851-4d4e-b905-27d9d904c4c1,Vendor_13_MUM,vendor13@eventhub.com,$2b$10$VyMyYM2Xw5GBq9.3jSFMW.OVF94UWH6n8XCkWzF6VJ5wTEjOARqx.,True,MUM,7.9,627,4,2026-02-23T10:07:06.141899,2026-02-23T10:07:06.141899
638d35d7-7a46-486f-9555-60d11398f8fd,Vendor_14_MUM,vendor14@eventhub.com,$2b$10$VyMyYM2Xw5GBq9.3jSFMW.OVF94UWH6n8XCkWzF6VJ5wTEjOARqx.,True,MUM,7.4,801,3,2026-02-23T10:07:06.141899,2026-02-23T10:07:06.141899
65f08805-9659-4a9b-83eb-a6a46c826b9e,Vendor_15_MUM,vendor15@eventhub.com,$2b$10$VyMyYM2Xw5GBq9.3jSFMW.OVF94UWH6n8XCkWzF6VJ5wTEjOARqx.,True,MUM,6.3,362,3,2026-02-23T10:07:06.141899,2026-02-23T10:07:06.141899
e80522de-3973-4062-bcf2-043ca014d767,Vendor_16_MUM,vendor16@eventhub.com,$2b$10$VyMyYM2Xw5GBq9.3jSFMW.OVF94UWH6n8XCkWzF6VJ5wTEjOARqx.,True,MUM,5.8,197,4,2026-02-23T10:07:06.141899,2026-02-23T10:07:06.141899
73aa5f0d-23db-4280-ae0f-f6978299ca10,Vendor_17_MUM,vendor17@eventhub.com,$2b$10$VyMyYM2Xw5GBq9.3jSFMW.OVF94UWH6n8XCkWzF6VJ5wTEjOARqx.,True,MUM,8.1,268,2,2026-02-23T10:07:06.141899,2026-02-23T10:07:06.141899
18855887-4763-46fb-a435-d20682227a09,Vendor_18_MUM,vendor18@eventhub.com,$2b$10$VyMyYM2Xw5GBq9.3jSFMW.OVF94UWH6n8XCkWzF6VJ5wTEjOARqx.,True,MUM,7.2,249,2,2026-02-23T10:07:06.141899,2026-02-23T10:07:06.141899
cff3683c-1d95-44fd-9703-3bd61a19db4d,Vendor_19_MUM,vendor19@eventhub.com,$2b$10$VyMyYM2Xw5GBq9.3jSFMW.OVF94UWH6n8XCkWzF6VJ5wTEjOARqx.,True,MUM,4.3,479,1,2026-02-23T10:07:06.141899,2026-02-23T10:07:06.141899
13d759c9-76e2-4a53-9642-a553ae39e219,Vendor_20_MUM,vendor20@eventhub.com,$2b$10$VyMyYM2Xw5GBq9.3jSFMW.OVF94UWH6n8XCkWzF6VJ5wTEjOARqx.,True,MUM,4.7,477,5,2026-02-23T10:07:06.141899,2026-02-23T10:07:06.141899
c1e0cfda-fa19-4d49-b70c-f4960473210f,Vendor_21_MUM,vendor21@eventhub.com,$2b$10$VyMyYM2Xw5GBq9.3jSFMW.OVF94UWH6n8XCkWzF6VJ5wTEjOARqx.,True,MUM,3.1,983,3,2026-02-23T10:07:06.141899,2026-02-23T10:07:06.141899
c87d1ca3-67a4-49cb-a201-a223f15ac9ec,Vendor_22_MUM,vendor22@eventhub.com,$2b$10$VyMyYM2Xw5GBq9.3jSFMW.OVF94UWH6n8XCkWzF6VJ5wTEjOARqx.,True,MUM,4.3,525,2,2026-02-23T10:07:06.141899,2026-02-23T10:07:06.141899
1fa8d1bd-5989-459f-906a-52a049b1713c,Vendor_23_MUM,vendor23@eventhub.com,$2b$10$VyMyYM2Xw5GBq9.3jSFMW.OVF94UWH6n8XCkWzF6VJ5wTEjOARqx.,True,MUM,6.3,328,3,2026-02-23T10:07:06.141899,2026-02-23T10:07:06.141899
ad90ffe1-7ffc-4c9a-b9c3-16ab2a4a5460,Vendor_24_MUM,vendor24@eventhub.com,$2b$10$VyMyYM2Xw5GBq9.3jSFMW.OVF94UWH6n8XCkWzF6VJ5wTEjOARqx.,True,MUM,2.1,400,4,2026-02-23T10:07:06.141899,2026-02-23T10:07:06.141899
ba2860c8-f040-45d8-8985-f299574d491f,Vendor_25_MUM,vendor25@eventhub.com,$2b$10$VyMyYM2Xw5GBq9.3jSFMW.OVF94UWH6n8XCkWzF6VJ5wTEjOARqx.,True,MUM,4.5,660,3,2026-02-23T10:07:06.141899,2026-02-23T10:07:06.141899
7556c786-ed6e-4f99-8757-5940fdd91f3c,Vendor_26_MUM,vendor26@eventhub.com,$2b$10$VyMyYM2Xw5GBq9.3jSFMW.OVF94UWH6n8XCkWzF6VJ5wTEjOARqx.,True,MUM,4.6,573,3,2026-02-23T10:07:06.141899,2026-02-23T10:07:06.141899
8e2a7989-600e-4c17-bdc4-9825202bc71b,Vendor_27_MUM,vendor27@eventhub.com,$2b$10$VyMyYM2Xw5GBq9.3jSFMW.OVF94UWH6n8XCkWzF6VJ5wTEjOARqx.,True,MUM,8.0,794,3,2026-02-23T10:07:06.141899,2026-02-23T10:07:06.141899
ea4e2a01-501e-44f9-94c9-a3b2bc148e3e,Vendor_28_MUM,vendor28@eventhub.com,$2b$10$VyMyYM2Xw5GBq9.3jSFMW.OVF94UWH6n8XCkWzF6VJ5wTEjOARqx.,True,MUM,2.5,906,4,2026-02-23T10:07:06.141899,2026-02-23T10:07:06.141899
4380ecb8-f993-47c0-aa13-17961e94bc67,Vendor_29_MUM,vendor29@eventhub.com,$2b$10$VyMyYM2Xw5GBq9.3jSFMW.OVF94UWH6n8XCkWzF6VJ5wTEjOARqx.,True,MUM,2.0,184,3,2026-02-23T10:07:06.141899,2026-02-23T10:07:06.141899
18a88016-4874-483f-8318-0aca6f64d112,Vendor_30_MUM,vendor30@eventhub.com,$2b$10$VyMyYM2Xw5GBq9.3jSFMW.OVF94UWH6n8XCkWzF6VJ5wTEjOARqx.,True,MUM,9.0,312,4,2026-02-23T10:07:06.141899,2026-02-23T10:07:06.141899
0a2fbebd-2015-4724-9eca-c8aef2d88945,Vendor_31_DEL,vendor31@eventhub.com,$2b$10$VyMyYM2Xw5GBq9.3jSFMW.OVF94UWH6n8XCkWzF6VJ5wTEjOARqx.,True,DEL,3.7,444,3,2026-02-23T10:07:06.141899,2026-02-23T10:07:06.141899
008b03d0-23d4-4c74-9785-1ea029c90a2c,Vendor_32_DEL,vendor32@eventhub.com,$2b$10$VyMyYM2Xw5GBq9.3jSFMW.OVF94UWH6n8XCkWzF6VJ5wTEjOARqx.,True,DEL,6.7,725,3,2026-02-23T10:07:06.141899,2026-02-23T10:07:06.141899
6e6841b6-df65-4374-b336-72f389e44d4b,Vendor_33_DEL,vendor33@eventhub.com,$2b$10$VyMyYM2Xw5GBq9.3jSFMW.OVF94UWH6n8XCkWzF6VJ5wTEjOARqx.,True,DEL,6.3,99,3,2026-02-23T10:07:06.141899,2026-02-23T10:07:06.141899
1657efc8-9591-473f-a37a-ab1e01d7e338,Vendor_34_DEL,vendor34@eventhub.com,$2b$10$VyMyYM2Xw5GBq9.3jSFMW.OVF94UWH6n8XCkWzF6VJ5wTEjOARqx.,True,DEL,9.2,688,5,2026-02-23T10:07:06.141899,2026-02-23T10:07:06.141899
033c4250-b36a-4ac5-85b3-4356fcb6c51e,Vendor_35_DEL,vendor35@eventhub.com,$2b$10$VyMyYM2Xw5GBq9.3jSFMW.OVF94UWH6n8XCkWzF6VJ5wTEjOARqx.,True,DEL,6.4,389,4,2026-02-23T10:07:06.141899,2026-02-23T10:07:06.141899
8bc1964b-14cc-4dec-a85c-695c0caba8e0,Vendor_36_DEL,vendor36@eventhub.com,$2b$10$VyMyYM2Xw5GBq9.3jSFMW.OVF94UWH6n8XCkWzF6VJ5wTEjOARqx.,True,DEL,6.9,630,2,2026-02-23T10:07:06.141899,2026-02-23T10:07:06.141899
0134d51a-a8df-4f8a-9265-b70a5dcb26e8,Vendor_37_DEL,vendor37@eventhub.com,$2b$10$VyMyYM2Xw5GBq9.3jSFMW.OVF94UWH6n8XCkWzF6VJ5wTEjOARqx.,True,DEL,5.0,635,3,2026-02-23T10:07:06.141899,2026-02-23T10:07:06.141899
1d68625b-e959-4535-898c-5782b4c96722,Vendor_38_DEL,vendor38@eventhub.com,$2b$10$VyMyYM2Xw5GBq9.3jSFMW.OVF94UWH6n8XCkWzF6VJ5wTEjOARqx.,True,DEL,5.3,483,3,2026-02-23T10:07:06.141899,2026-02-23T10:07:06.141899
e3feacbe-73ca-4526-b622-d48fd672efa8,Vendor_39_DEL,vendor39@eventhub.com,$2b$10$VyMyYM2Xw5GBq9.3jSFMW.OVF94UWH6n8XCkWzF6VJ5wTEjOARqx.,True,DEL,4.6,466,3,2026-02-23T10:07:06.141899,2026-02-23T10:07:06.141899
b57a56f4-2da1-4d0c-a787-1144d2f92ba8,Vendor_40_DEL,vendor40@eventhub.com,$2b$10$VyMyYM2Xw5GBq9.3jSFMW.OVF94UWH6n8XCkWzF6VJ5wTEjOARqx.,True,DEL,3.7,904,4,2026-02-23T10:07:06.141899,2026-02-23T10:07:06.141899
54e99874-0ef5-4df9-879c-9eb4e22a0d77,Vendor_41_DEL,vendor41@eventhub.com,$2b$10$VyMyYM2Xw5GBq9.3jSFMW.OVF94UWH6n8XCkWzF6VJ5wTEjOARqx.,True,DEL,6.3,270,3,2026-02-23T10:07:06.141899,2026-02-23T10:07:06.141899
b0aa66c5-ff0d-4ef9-8f60-c5d798c26efa,Vendor_42_DEL,vendor42@eventhub.com,$2b$10$VyMyYM2Xw5GBq9.3jSFMW.OVF94UWH6n8XCkWzF6VJ5wTEjOARqx.,True,DEL,5.9,542,4,2026-02-23T10:07:06.141899,2026-02-23T10:07:06.141899
2c777e2f-8362-4662-8491-2ccdd1370d9a,Vendor_43_DEL,vendor43@eventhub.com,$2b$10$VyMyYM2Xw5GBq9.3jSFMW.OVF94UWH6n8XCkWzF6VJ5wTEjOARqx.,True,DEL,7.2,781,4,2026-02-23T10:07:06.141899,2026-02-23T10:07:06.141899
c6273eee-857e-48da-af67-ac4da0bb44a0,Vendor_44_DEL,vendor44@eventhub.com,$2b$10$VyMyYM2Xw5GBq9.3jSFMW.OVF94UWH6n8XCkWzF6VJ5wTEjOARqx.,True,DEL,5.6,109,4,2026-02-23T10:07:06.141899,2026-02-23T10:07:06.141899
39846300-ec89-4eca-8faa-edd0c0e8d7a0,Vendor_45_DEL,vendor45@eventhub.com,$2b$10$VyMyYM2Xw5GBq9.3jSFMW.OVF94UWH6n8XCkWzF6VJ5wTEjOARqx.,True,DEL,2.3,558,3,2026-02-23T10:07:06.141899,2026-02-23T10:07:06.141899
fc43de3f-b408-48dc-91b1-3a2ce4d8aa93,Vendor_46_DEL,vendor46@eventhub.com,$2b$10$VyMyYM2Xw5GBq9.3jSFMW.OVF94UWH6n8XCkWzF6VJ5wTEjOARqx.,True,DEL,4.7,138,3,2026-02-23T10:07:06.141899,2026-02-23T10:07:06.141899
58ca3911-a2bd-434d-b822-475d993e3d24,Vendor_47_DEL,vendor47@eventhub.com,$2b$10$VyMyYM2Xw5GBq9.3jSFMW.OVF94UWH6n8XCkWzF6VJ5wTEjOARqx.,True,DEL,5.7,349,2,2026-02-23T10:07:06.141899,2026-02-23T10:07:06.141899
a16c9da8-538a-432f-b721-54ceb56d6824,Vendor_48_DEL,vendor48@eventhub.com,$2b$10$VyMyYM2Xw5GBq9.3jSFMW.OVF94UWH6n8XCkWzF6VJ5wTEjOARqx.,True,DEL,3.7,597,3,2026-02-23T10:07:06.141899,2026-02-23T10:07:06.141899
a75cc6f9-441f-452e-9435-5176bc6a0f05,Vendor_49_DEL,vendor49@eventhub.com,$2b$10$VyMyYM2Xw5GBq9.3jSFMW.OVF94UWH6n8XCkWzF6VJ5wTEjOARqx.,True,DEL,7.8,807,1,2026-02-23T10:07:06.141899,2026-02-23T10:07:06.141899
dc136e20-994f-48a7-87eb-61d3fdce5d0b,Vendor_50_DEL,vendor50@eventhub.com,$2b$10$VyMyYM2Xw5GBq9.3jSFMW.OVF94UWH6n8XCkWzF6VJ5wTEjOARqx.,True,DEL,3.6,140,4,2026-02-23T10:07:06.141899,2026-02-23T10:07:06.141899
787ceed3-a44e-43ee-89a6-38b4099a1ac6,Vendor_51_DEL,vendor51@eventhub.com,$2b$10$VyMyYM2Xw5GBq9.3jSFMW.OVF94UWH6n8XCkWzF6VJ5wTEjOARqx.,True,DEL,4.4,589,3,2026-02-23T10:07:06.141899,2026-02-23T10:07:06.141899
0a804478-2840-44ee-b235-394efb059698,Vendor_52_DEL,vendor52@eventhub.com,$2b$10$VyMyYM2Xw5GBq9.3jSFMW.OVF94UWH6n8XCkWzF6VJ5wTEjOARqx.,True,DEL,2.1,793,3,2026-02-23T10:07:06.141899,2026-02-23T10:07:06.141899
d20cc1f6-e01d-4c06-b916-114970a8bb0a,Vendor_53_DEL,vendor53@eventhub.com,$2b$10$VyMyYM2Xw5GBq9.3jSFMW.OVF94UWH6n8XCkWzF6VJ5wTEjOARqx.,True,DEL,7.8,963,4,2026-02-23T10:07:06.141899,2026-02-23T10:07:06.141899
7cfa79ad-1703-46dd-b77c-de89284865f0,Vendor_54_DEL,vendor54@eventhub.com,$2b$10$VyMyYM2Xw5GBq9.3jSFMW.OVF94UWH6n8XCkWzF6VJ5wTEjOARqx.,True,DEL,9.5,97,2,2026-02-23T10:07:06.141899,2026-02-23T10:07:06.141899
8ef55ca1-bee9-4278-8998-1965fc17dba5,Vendor_55_DEL,vendor55@eventhub.com,$2b$10$VyMyYM2Xw5GBq9.3jSFMW.OVF94UWH6n8XCkWzF6VJ5wTEjOARqx.,True,DEL,6.8,495,3,2026-02-23T10:07:06.141899,2026-02-23T10:07:06.141899
af4d8a7d-ec79-414b-91fc-df9d63f0edf1,Vendor_56_DEL,vendor56@eventhub.com,$2b$10$VyMyYM2Xw5GBq9.3jSFMW.OVF94UWH6n8XCkWzF6VJ5wTEjOARqx.,True,DEL,2.6,258,5,2026-02-23T10:07:06.141899,2026-02-23T10:07:06.141899
2c6710d1-9476-4dd8-8096-c0331cc18b3c,Vendor_57_DEL,vendor57@eventhub.com,$2b$10$VyMyYM2Xw5GBq9.3jSFMW.OVF94UWH6n8XCkWzF6VJ5wTEjOARqx.,True,DEL,9.7,606,1,2026-02-23T10:07:06.141899,2026-02-23T10:07:06.141899
2409db54-e159-4f57-82e7-1a84e5af9dad,Vendor_58_DEL,vendor58@eventhub.com,$2b$10$VyMyYM2Xw5GBq9.3jSFMW.OVF94UWH6n8XCkWzF6VJ5wTEjOARqx.,True,DEL,4.8,708,2,2026-02-23T10:07:06.141899,2026-02-23T10:07:06.141899
a18e7ff0-5de9-4b7f-88c4-b90787d5a7b1,Vendor_59_DEL,vendor59@eventhub.com,$2b$10$VyMyYM2Xw5GBq9.3jSFMW.OVF94UWH6n8XCkWzF6VJ5wTEjOARqx.,True,DEL,4.4,545,2,2026-02-23T10:07:06.141899,2026-02-23T10:07:06.141899
2789c8c9-e1be-4d4c-8971-604667e313dd,Vendor_60_DEL,vendor60@eventhub.com,$2b$10$VyMyYM2Xw5GBq9.3jSFMW.OVF94UWH6n8XCkWzF6VJ5wTEjOARqx.,True,DEL,5.6,268,3,2026-02-23T10:07:06.141899,2026-02-23T10:07:06.141899
c167eeec-cc78-4623-9225-69166521dcfd,Vendor_61_BLR,vendor61@eventhub.com,$2b$10$VyMyYM2Xw5GBq9.3jSFMW.OVF94UWH6n8XCkWzF6VJ5wTEjOARqx.,True,BLR,9.0,192,2,2026-02-23T10:07:06.141899,2026-02-23T10:07:06.141899
60797690-4939-4c50-aebb-49eddf1ce3f4,Vendor_62_BLR,vendor62@eventhub.com,$2b$10$VyMyYM2Xw5GBq9.3jSFMW.OVF94UWH6n8XCkWzF6VJ5wTEjOARqx.,True,BLR,4.0,897,3,2026-02-23T10:07:06.141899,2026-02-23T10:07:06.141899
30c22f14-0d26-4a4b-9a6e-1c10dab57ac1,Vendor_63_BLR,vendor63@eventhub.com,$2b$10$VyMyYM2Xw5GBq9.3jSFMW.OVF94UWH6n8XCkWzF6VJ5wTEjOARqx.,True,BLR,9.1,973,1,2026-02-23T10:07:06.141899,2026-02-23T10:07:06.141899
485d766e-4dd4-46e4-a617-93a0c9a050f0,Vendor_64_BLR,vendor64@eventhub.com,$2b$10$VyMyYM2Xw5GBq9.3jSFMW.OVF94UWH6n8XCkWzF6VJ5wTEjOARqx.,True,BLR,7.5,653,3,2026-02-23T10:07:06.141899,2026-02-23T10:07:06.141899
a6b8af2d-ea51-4479-84dc-15334a6adf02,Vendor_65_BLR,vendor65@eventhub.com,$2b$10$VyMyYM2Xw5GBq9.3jSFMW.OVF94UWH6n8XCkWzF6VJ5wTEjOARqx.,True,BLR,7.9,12,5,2026-02-23T10:07:06.141899,2026-02-23T10:07:06.141899
ef781406-7014-40fe-88a3-9c07d37a0ee2,Vendor_66_BLR,vendor66@eventhub.com,$2b$10$VyMyYM2Xw5GBq9.3jSFMW.OVF94UWH6n8XCkWzF6VJ5wTEjOARqx.,True,BLR,9.1,741,5,2026-02-23T10:07:06.141899,2026-02-23T10:07:06.141899
10750f45-bc4d-4f88-baf4-edfa6dff522c,Vendor_67_BLR,vendor67@eventhub.com,$2b$10$VyMyYM2Xw5GBq9.3jSFMW.OVF94UWH6n8XCkWzF6VJ5wTEjOARqx.,True,BLR,9.6,123,2,2026-02-23T10:07:06.141899,2026-02-23T10:07:06.141899
bb396e33-167f-4745-863b-76bd25bc5408,Vendor_68_BLR,vendor68@eventhub.com,$2b$10$VyMyYM2Xw5GBq9.3jSFMW.OVF94UWH6n8XCkWzF6VJ5wTEjOARqx.,True,BLR,3.1,145,4,2026-02-23T10:07:06.141899,2026-02-23T10:07:06.141899
06294a87-8b28-4471-a785-58064fdfcbb7,Vendor_69_BLR,vendor69@eventhub.com,$2b$10$VyMyYM2Xw5GBq9.3jSFMW.OVF94UWH6n8XCkWzF6VJ5wTEjOARqx.,True,BLR,4.4,182,2,2026-02-23T10:07:06.141899,2026-02-23T10:07:06.141899
9c41e76c-c611-4e7b-a528-1ab8b3a0c573,Vendor_70_BLR,vendor70@eventhub.com,$2b$10$VyMyYM2Xw5GBq9.3jSFMW.OVF94UWH6n8XCkWzF6VJ5wTEjOARqx.,True,BLR,5.4,257,3,2026-02-23T10:07:06.141899,2026-02-23T10:07:06.141899
5da6dfde-85d2-4af9-8b96-51ddf03f9c6b,Vendor_71_BLR,vendor71@eventhub.com,$2b$10$VyMyYM2Xw5GBq9.3jSFMW.OVF94UWH6n8XCkWzF6VJ5wTEjOARqx.,True,BLR,3.0,888,3,2026-02-23T10:07:06.141899,2026-02-23T10:07:06.141899
39df452e-97af-473d-bec2-a1ff78ba715b,Vendor_72_BLR,vendor72@eventhub.com,$2b$10$VyMyYM2Xw5GBq9.3jSFMW.OVF94UWH6n8XCkWzF6VJ5wTEjOARqx.,True,BLR,4.6,766,3,2026-02-23T10:07:06.141899,2026-02-23T10:07:06.141899
d6c55957-ea75-48f9-81f9-07f40f572343,Vendor_73_BLR,vendor73@eventhub.com,$2b$10$VyMyYM2Xw5GBq9.3jSFMW.OVF94UWH6n8XCkWzF6VJ5wTEjOARqx.,True,BLR,3.7,904,3,2026-02-23T10:07:06.141899,2026-02-23T10:07:06.141899
b537bdc3-842f-4bdb-83e0-1bb07fb4bfe3,Vendor_74_BLR,vendor74@eventhub.com,$2b$10$VyMyYM2Xw5GBq9.3jSFMW.OVF94UWH6n8XCkWzF6VJ5wTEjOARqx.,True,BLR,9.7,686,4,2026-02-23T10:07:06.141899,2026-02-23T10:07:06.141899
cfe3c5de-c4d1-4366-8634-3fe63b1c8892,Vendor_75_BLR,vendor75@eventhub.com,$2b$10$VyMyYM2Xw5GBq9.3jSFMW.OVF94UWH6n8XCkWzF6VJ5wTEjOARqx.,True,BLR,4.5,20,2,2026-02-23T10:07:06.141899,2026-02-23T10:07:06.141899
e69288f2-0c21-4d28-943f-b20a11926989,Vendor_76_BLR,vendor76@eventhub.com,$2b$10$VyMyYM2Xw5GBq9.3jSFMW.OVF94UWH6n8XCkWzF6VJ5wTEjOARqx.,True,BLR,9.5,640,2,2026-02-23T10:07:06.141899,2026-02-23T10:07:06.141899
3b8fa55c-4e62-4332-b08e-fbe567aac9ad,Vendor_77_BLR,vendor77@eventhub.com,$2b$10$VyMyYM2Xw5GBq9.3jSFMW.OVF94UWH6n8XCkWzF6VJ5wTEjOARqx.,True,BLR,4.1,470,2,2026-02-23T10:07:06.141899,2026-02-23T10:07:06.141899
3859718b-4075-42e3-a337-9a7b6843005c,Vendor_78_BLR,vendor78@eventhub.com,$2b$10$VyMyYM2Xw5GBq9.3jSFMW.OVF94UWH6n8XCkWzF6VJ5wTEjOARqx.,True,BLR,9.7,733,3,2026-02-23T10:07:06.141899,2026-02-23T10:07:06.141899
bfb62dfe-247e-4cc3-86eb-f58328b8dd5a,Vendor_79_BLR,vendor79@eventhub.com,$2b$10$VyMyYM2Xw5GBq9.3jSFMW.OVF94UWH6n8XCkWzF6VJ5wTEjOARqx.,True,BLR,5.6,521,4,2026-02-23T10:07:06.141899,2026-02-23T10:07:06.141899
66025095-da92-4724-ab66-b5d62d09574c,Vendor_80_BLR,vendor80@eventhub.com,$2b$10$VyMyYM2Xw5GBq9.3jSFMW.OVF94UWH6n8XCkWzF6VJ5wTEjOARqx.,True,BLR,8.9,725,2,2026-02-23T10:07:06.141899,2026-02-23T10:07:06.141899
c8bf00b1-822a-42c7-a37d-bd4f1b3f3d00,Vendor_81_JAI,vendor81@eventhub.com,$2b$10$VyMyYM2Xw5GBq9.3jSFMW.OVF94UWH6n8XCkWzF6VJ5wTEjOARqx.,True,JAI,4.9,708,3,2026-02-23T10:07:06.141899,2026-02-23T10:07:06.141899
575078bd-b0c0-45f6-9a66-8d56aa6ff5dc,Vendor_82_JAI,vendor82@eventhub.com,$2b$10$VyMyYM2Xw5GBq9.3jSFMW.OVF94UWH6n8XCkWzF6VJ5wTEjOARqx.,True,JAI,7.2,434,3,2026-02-23T10:07:06.141899,2026-02-23T10:07:06.141899
3fdbfeda-95d4-4a4a-8105-4cb540b454cb,Vendor_83_JAI,vendor83@eventhub.com,$2b$10$VyMyYM2Xw5GBq9.3jSFMW.OVF94UWH6n8XCkWzF6VJ5wTEjOARqx.,True,JAI,5.5,486,4,2026-02-23T10:07:06.141899,2026-02-23T10:07:06.141899
e7d3bbf3-82a6-4b85-ada6-c0599dcaccd8,Vendor_84_JAI,vendor84@eventhub.com,$2b$10$VyMyYM2Xw5GBq9.3jSFMW.OVF94UWH6n8XCkWzF6VJ5wTEjOARqx.,True,JAI,3.2,900,4,2026-02-23T10:07:06.141899,2026-02-23T10:07:06.141899
6dace0ca-129f-4bde-a082-166ccfa1b013,Vendor_85_JAI,vendor85@eventhub.com,$2b$10$VyMyYM2Xw5GBq9.3jSFMW.OVF94UWH6n8XCkWzF6VJ5wTEjOARqx.,True,JAI,6.0,68,4,2026-02-23T10:07:06.141899,2026-02-23T10:07:06.141899
094a2abf-317f-4daf-ae9c-50fe730c61fe,Vendor_86_JAI,vendor86@eventhub.com,$2b$10$VyMyYM2Xw5GBq9.3jSFMW.OVF94UWH6n8XCkWzF6VJ5wTEjOARqx.,True,JAI,8.8,134,3,2026-02-23T10:07:06.141899,2026-02-23T10:07:06.141899
d6326b2c-650f-4a46-be26-c5f7f11774e0,Vendor_87_JAI,vendor87@eventhub.com,$2b$10$VyMyYM2Xw5GBq9.3jSFMW.OVF94UWH6n8XCkWzF6VJ5wTEjOARqx.,True,JAI,5.6,666,4,2026-02-23T10:07:06.141899,2026-02-23T10:07:06.141899
dc6b8335-6084-4aad-b184-deaa84b441b3,Vendor_88_JAI,vendor88@eventhub.com,$2b$10$VyMyYM2Xw5GBq9.3jSFMW.OVF94UWH6n8XCkWzF6VJ5wTEjOARqx.,True,JAI,8.3,610,4,2026-02-23T10:07:06.141899,2026-02-23T10:07:06.141899
ec7eafd7-08a9-4b4f-ba91-65e49dfa9d7a,Vendor_89_JAI,vendor89@eventhub.com,$2b$10$VyMyYM2Xw5GBq9.3jSFMW.OVF94UWH6n8XCkWzF6VJ5wTEjOARqx.,True,JAI,3.6,211,1,2026-02-23T10:07:06.141899,2026-02-23T10:07:06.141899
2b8b5c1a-237c-45f9-95e9-334c235fa006,Vendor_90_JAI,vendor90@eventhub.com,$2b$10$VyMyYM2Xw5GBq9.3jSFMW.OVF94UWH6n8XCkWzF6VJ5wTEjOARqx.,True,JAI,4.2,944,1,2026-02-23T10:07:06.141899,2026-02-23T10:07:06.141899
705888ad-3b72-4d12-bb5d-c5ab163f2448,Vendor_91_JAI,vendor91@eventhub.com,$2b$10$VyMyYM2Xw5GBq9.3jSFMW.OVF94UWH6n8XCkWzF6VJ5wTEjOARqx.,True,JAI,5.8,64,3,2026-02-23T10:07:06.141899,2026-02-23T10:07:06.141899
29b84fe3-7d1a-4a92-92d8-982970d50da5,Vendor_92_JAI,vendor92@eventhub.com,$2b$10$VyMyYM2Xw5GBq9.3jSFMW.OVF94UWH6n8XCkWzF6VJ5wTEjOARqx.,True,JAI,3.1,594,4,2026-02-23T10:07:06.141899,2026-02-23T10:07:06.141899
42645ca8-6999-400e-92c2-ede21b7c5505,Vendor_93_JAI,vendor93@eventhub.com,$2b$10$VyMyYM2Xw5GBq9.3jSFMW.OVF94UWH6n8XCkWzF6VJ5wTEjOARqx.,True,JAI,4.5,866,3,2026-02-23T10:07:06.141899,2026-02-23T10:07:06.141899
e90c0277-30bc-4b2c-a6b2-d05e4bac0b4f,Vendor_94_JAI,vendor94@eventhub.com,$2b$10$VyMyYM2Xw5GBq9.3jSFMW.OVF94UWH6n8XCkWzF6VJ5wTEjOARqx.,True,JAI,8.7,792,1,2026-02-23T10:07:06.141899,2026-02-23T10:07:06.141899
d07d227a-4e48-4aa3-a363-16adbd822641,Vendor_95_JAI,vendor95@eventhub.com,$2b$10$VyMyYM2Xw5GBq9.3jSFMW.OVF94UWH6n8XCkWzF6VJ5wTEjOARqx.,True,JAI,5.5,419,3,2026-02-23T10:07:06.141899,2026-02-23T10:07:06.141899
57088054-11a4-462e-80fb-c27b4e43fc7a,Vendor_96_UDA,vendor96@eventhub.com,$2b$10$VyMyYM2Xw5GBq9.3jSFMW.OVF94UWH6n8XCkWzF6VJ5wTEjOARqx.,True,UDA,2.2,348,3,2026-02-23T10:07:06.141899,2026-02-23T10:07:06.141899
38df5bd2-dc0a-4cad-bb38-c43c094f0565,Vendor_97_UDA,vendor97@eventhub.com,$2b$10$VyMyYM2Xw5GBq9.3jSFMW.OVF94UWH6n8XCkWzF6VJ5wTEjOARqx.,True,UDA,7.1,811,3,2026-02-23T10:07:06.141899,2026-02-23T10:07:06.141899
7d261017-4636-4f23-8bf2-6f1ec7e402ee,Vendor_98_UDA,vendor98@eventhub.com,$2b$10$VyMyYM2Xw5GBq9.3jSFMW.OVF94UWH6n8XCkWzF6VJ5wTEjOARqx.,True,UDA,8.9,963,2,2026-02-23T10:07:06.141899,2026-02-23T10:07:06.141899
653e3126-4a2b-442a-b243-f31e5b0527f5,Vendor_99_UDA,vendor99@eventhub.com,$2b$10$VyMyYM2Xw5GBq9.3jSFMW.OVF94UWH6n8XCkWzF6VJ5wTEjOARqx.,True,UDA,7.6,431,1,2026-02-23T10:07:06.141899,2026-02-23T10:07:06.141899
f089c835-58c0-424a-8b73-e086ff8344eb,Vendor_100_UDA,vendor100@eventhub.com,$2b$10$VyMyYM2Xw5GBq9.3jSFMW.OVF94UWH6n8XCkWzF6VJ5wTEjOARqx.,True,UDA,6.6,546,5,2026-02-23T10:07:06.141899,2026-02-23T10:07:06.141899
424c33f0-4988-498f-b320-983963231cd5,Vendor_101_UDA,vendor101@eventhub.com,$2b$10$VyMyYM2Xw5GBq9.3jSFMW.OVF94UWH6n8XCkWzF6VJ5wTEjOARqx.,True,UDA,4.6,223,3,2026-02-23T10:07:06.141899,2026-02-23T10:07:06.141899
e20f4a25-7354-42cf-9df4-d42eb2ec8646,Vendor_102_UDA,vendor102@eventhub.com,$2b$10$VyMyYM2Xw5GBq9.3jSFMW.OVF94UWH6n8XCkWzF6VJ5wTEjOARqx.,True,UDA,6.6,258,2,2026-02-23T10:07:06.141899,2026-02-23T10:07:06.141899
7b9f2475-e0e3-47f9-b4fa-bb574b197d53,Vendor_103_UDA,vendor103@eventhub.com,$2b$10$VyMyYM2Xw5GBq9.3jSFMW.OVF94UWH6n8XCkWzF6VJ5wTEjOARqx.,True,UDA,8.7,564,2,2026-02-23T10:07:06.141899,2026-02-23T10:07:06.141899
c089beb7-4757-4162-9df3-fa3948013a92,Vendor_104_UDA,vendor104@eventhub.com,$2b$10$VyMyYM2Xw5GBq9.3jSFMW.OVF94UWH6n8XCkWzF6VJ5wTEjOARqx.,True,UDA,9.5,241,5,2026-02-23T10:07:06.141899,2026-02-23T10:07:06.141899
a880d03b-e7fa-4c15-af72-6b6573fe43ea,Vendor_105_UDA,vendor105@eventhub.com,$2b$10$VyMyYM2Xw5GBq9.3jSFMW.OVF94UWH6n8XCkWzF6VJ5wTEjOARqx.,True,UDA,5.4,978,5,2026-02-23T10:07:06.141899,2026-02-23T10:07:06.141899
233f35e6-3aaf-4c9a-aecd-2d414efa786b,Vendor_106_UDA,vendor106@eventhub.com,$2b$10$VyMyYM2Xw5GBq9.3jSFMW.OVF94UWH6n8XCkWzF6VJ5wTEjOARqx.,True,UDA,3.3,559,2,2026-02-23T10:07:06.141899,2026-02-23T10:07:06.141899
a9f922c7-799f-4394-8503-d7446dbb2e87,Vendor_107_UDA,vendor107@eventhub.com,$2b$10$VyMyYM2Xw5GBq9.3jSFMW.OVF94UWH6n8XCkWzF6VJ5wTEjOARqx.,True,UDA,9.4,869,2,2026-02-23T10:07:06.141899,2026-02-23T10:07:06.141899
b82832d6-2f61-4b4d-a7ad-0a6d928a9ee2,Vendor_108_UDA,vendor108@eventhub.com,$2b$10$VyMyYM2Xw5GBq9.3jSFMW.OVF94UWH6n8XCkWzF6VJ5wTEjOARqx.,True,UDA,9.4,641,4,2026-02-23T10:07:06.141899,2026-02-23T10:07:06.141899
c9daa19d-3e4f-4c06-8b51-006bf5cce682,Vendor_109_UDA,vendor109@eventhub.com,$2b$10$VyMyYM2Xw5GBq9.3jSFMW.OVF94UWH6n8XCkWzF6VJ5wTEjOARqx.,True,UDA,8.2,941,4,2026-02-23T10:07:06.141899,2026-02-23T10:07:06.141899
03298dc7-4ff2-4464-afbd-4eaee7b4d261,Vendor_110_UDA,vendor110@eventhub.com,$2b$10$VyMyYM2Xw5GBq9.3jSFMW.OVF94UWH6n8XCkWzF6VJ5wTEjOARqx.,True,UDA,4.0,89,2,2026-02-23T10:07:06.141899,2026-02-23T10:07:06.141899
c266224b-4c0b-4075-b493-ea45c988fa3c,Vendor_111_GOA,vendor111@eventhub.com,$2b$10$VyMyYM2Xw5GBq9.3jSFMW.OVF94UWH6n8XCkWzF6VJ5wTEjOARqx.,True,GOA,2.8,351,4,2026-02-23T10:07:06.141899,2026-02-23T10:07:06.141899
5d9949e5-7ded-499f-890f-a485f21e62bc,Vendor_112_GOA,vendor112@eventhub.com,$2b$10$VyMyYM2Xw5GBq9.3jSFMW.OVF94UWH6n8XCkWzF6VJ5wTEjOARqx.,True,GOA,9.1,535,3,2026-02-23T10:07:06.141899,2026-02-23T10:07:06.141899
8448c7a9-f667-415f-bf31-68df1b285369,Vendor_113_GOA,vendor113@eventhub.com,$2b$10$VyMyYM2Xw5GBq9.3jSFMW.OVF94UWH6n8XCkWzF6VJ5wTEjOARqx.,True,GOA,7.5,589,1,2026-02-23T10:07:06.141899,2026-02-23T10:07:06.141899
f2dd568f-1db9-4efa-b193-bc840459da31,Vendor_114_GOA,vendor114@eventhub.com,$2b$10$VyMyYM2Xw5GBq9.3jSFMW.OVF94UWH6n8XCkWzF6VJ5wTEjOARqx.,True,GOA,6.4,487,3,2026-02-23T10:07:06.141899,2026-02-23T10:07:06.141899
606327b7-f2e4-4489-9bae-4997d803735c,Vendor_115_GOA,vendor115@eventhub.com,$2b$10$VyMyYM2Xw5GBq9.3jSFMW.OVF94UWH6n8XCkWzF6VJ5wTEjOARqx.,True,GOA,2.9,30,3,2026-02-23T10:07:06.141899,2026-02-23T10:07:06.141899
54e8bc79-fdce-4dec-8398-6f5a59b39a53,Vendor_116_GOA,vendor116@eventhub.com,$2b$10$VyMyYM2Xw5GBq9.3jSFMW.OVF94UWH6n8XCkWzF6VJ5wTEjOARqx.,True,GOA,9.4,195,5,2026-02-23T10:07:06.141899,2026-02-23T10:07:06.141899
68b627a1-90c8-4187-ab4b-af2145e2b8f3,Vendor_117_GOA,vendor117@eventhub.com,$2b$10$VyMyYM2Xw5GBq9.3jSFMW.OVF94UWH6n8XCkWzF6VJ5wTEjOARqx.,True,GOA,2.7,268,3,2026-02-23T10:07:06.141899,2026-02-23T10:07:06.141899
cf421543-acdc-4903-8879-7284f6c0c02e,Vendor_118_GOA,vendor118@eventhub.com,$2b$10$VyMyYM2Xw5GBq9.3jSFMW.OVF94UWH6n8XCkWzF6VJ5wTEjOARqx.,True,GOA,8.3,420,3,2026-02-23T10:07:06.141899,2026-02-23T10:07:06.141899
ea290048-26c9-4361-a620-5ec0815236dc,Vendor_119_GOA,vendor119@eventhub.com,$2b$10$VyMyYM2Xw5GBq9.3jSFMW.OVF94UWH6n8XCkWzF6VJ5wTEjOARqx.,True,GOA,2.5,681,3,2026-02-23T10:07:06.141899,2026-02-23T10:07:06.141899
316e870c-185f-41e5-9b81-a3b3eff475e2,Vendor_120_GOA,vendor120@eventhub.com,$2b$10$VyMyYM2Xw5GBq9.3jSFMW.OVF94UWH6n8XCkWzF6VJ5wTEjOARqx.,True,GOA,9.5,973,3,2026-02-23T10:07:06.141899,2026-02-23T10:07:06.141899
b84f6bab-6861-4ada-af06-266b942b9959,Vendor_121_GOA,vendor121@eventhub.com,$2b$10$VyMyYM2Xw5GBq9.3jSFMW.OVF94UWH6n8XCkWzF6VJ5wTEjOARqx.,True,GOA,9.6,908,4,2026-02-23T10:07:06.141899,2026-02-23T10:07:06.141899
8955ae3e-510c-4e89-9a9a-a737822fc9bf,Vendor_122_GOA,vendor122@eventhub.com,$2b$10$VyMyYM2Xw5GBq9.3jSFMW.OVF94UWH6n8XCkWzF6VJ5wTEjOARqx.,True,GOA,4.5,708,5,2026-02-23T10:07:06.141899,2026-02-23T10:07:06.141899
265e3d57-9d4f-4c0d-9545-6fd0d70f2232,Vendor_123_GOA,vendor123@eventhub.com,$2b$10$VyMyYM2Xw5GBq9.3jSFMW.OVF94UWH6n8XCkWzF6VJ5wTEjOARqx.,True,GOA,9.6,565,4,2026-02-23T10:07:06.141899,2026-02-23T10:07:06.141899
1d2d7cb5-201d-46f2-bd54-b5847c647cc5,Vendor_124_GOA,vendor124@eventhub.com,$2b$10$VyMyYM2Xw5GBq9.3jSFMW.OVF94UWH6n8XCkWzF6VJ5wTEjOARqx.,True,GOA,2.4,69,5,2026-02-23T10:07:06.141899,2026-02-23T10:07:06.141899
bf4275ad-5d8d-4e8f-82c6-b03c75b2773d,Vendor_125_GOA,vendor125@eventhub.com,$2b$10$VyMyYM2Xw5GBq9.3jSFMW.OVF94UWH6n8XCkWzF6VJ5wTEjOARqx.,True,GOA,2.7,279,2,2026-02-23T10:07:06.141899,2026-02-23T10:07:06.141899
684c31ad-aad6-4221-9f2e-07f725515bc5,Vendor_126_GOA,vendor126@eventhub.com,$2b$10$VyMyYM2Xw5GBq9.3jSFMW.OVF94UWH6n8XCkWzF6VJ5wTEjOARqx.,True,GOA,5.2,908,2,2026-02-23T10:07:06.141899,2026-02-23T10:07:06.141899
8504a688-7fda-4f0d-be9a-ebc64fcd25b1,Vendor_127_GOA,vendor127@eventhub.com,$2b$10$VyMyYM2Xw5GBq9.3jSFMW.OVF94UWH6n8XCkWzF6VJ5wTEjOARqx.,True,GOA,3.6,66,4,2026-02-23T10:07:06.141899,2026-02-23T10:07:06.141899
066888c3-8b2b-4268-a3e7-c08781c66c54,Vendor_128_GOA,vendor128@eventhub.com,$2b$10$VyMyYM2Xw5GBq9.3jSFMW.OVF94UWH6n8XCkWzF6VJ5wTEjOARqx.,True,GOA,3.0,391,3,2026-02-23T10:07:06.141899,2026-02-23T10:07:06.141899
a4123788-2144-4c8c-9b12-61f5de23fb5b,Vendor_129_GOA,vendor129@eventhub.com,$2b$10$VyMyYM2Xw5GBq9.3jSFMW.OVF94UWH6n8XCkWzF6VJ5wTEjOARqx.,True,GOA,5.2,755,1,2026-02-23T10:07:06.141899,2026-02-23T10:07:06.141899
55cc8abc-e505-4407-85db-05f963cfa074,Vendor_130_GOA,vendor130@eventhub.com,$2b$10$VyMyYM2Xw5GBq9.3jSFMW.OVF94UWH6n8XCkWzF6VJ5wTEjOARqx.,True,GOA,8.9,748,3,2026-02-23T10:07:06.141899,2026-02-23T10:07:06.141899
06156847-82cb-467f-9345-5807171bf15f,Vendor_131_ROM,vendor131@eventhub.com,$2b$10$VyMyYM2Xw5GBq9.3jSFMW.OVF94UWH6n8XCkWzF6VJ5wTEjOARqx.,True,ROM,8.9,143,5,2026-02-23T10:07:06.141899,2026-02-23T10:07:06.141899
b777c1fe-394b-4d14-af7e-9da4f43d5990,Vendor_132_ROM,vendor132@eventhub.com,$2b$10$VyMyYM2Xw5GBq9.3jSFMW.OVF94UWH6n8XCkWzF6VJ5wTEjOARqx.,True,ROM,5.5,532,4,2026-02-23T10:07:06.141899,2026-02-23T10:07:06.141899
626ec66e-fbd6-4a05-8cad-37568d1d5774,Vendor_133_ROM,vendor133@eventhub.com,$2b$10$VyMyYM2Xw5GBq9.3jSFMW.OVF94UWH6n8XCkWzF6VJ5wTEjOARqx.,True,ROM,4.4,997,1,2026-02-23T10:07:06.141899,2026-02-23T10:07:06.141899
3c9f7de7-e41c-40f8-b313-a56a3b217017,Vendor_134_ROM,vendor134@eventhub.com,$2b$10$VyMyYM2Xw5GBq9.3jSFMW.OVF94UWH6n8XCkWzF6VJ5wTEjOARqx.,True,ROM,2.3,498,3,2026-02-23T10:07:06.141899,2026-02-23T10:07:06.141899
72bc3729-5b2f-40d2-b756-004a71e628fe,Vendor_135_ROM,vendor135@eventhub.com,$2b$10$VyMyYM2Xw5GBq9.3jSFMW.OVF94UWH6n8XCkWzF6VJ5wTEjOARqx.,True,ROM,2.5,361,5,2026-02-23T10:07:06.141899,2026-02-23T10:07:06.141899
159393ec-6c83-4e2f-912d-ee3f381d0ce8,Vendor_136_ROM,vendor136@eventhub.com,$2b$10$VyMyYM2Xw5GBq9.3jSFMW.OVF94UWH6n8XCkWzF6VJ5wTEjOARqx.,True,ROM,4.5,206,5,2026-02-23T10:07:06.141899,2026-02-23T10:07:06.141899
4c2f470c-b791-4d67-901f-d4ec8ef2bfad,Vendor_137_ROM,vendor137@eventhub.com,$2b$10$VyMyYM2Xw5GBq9.3jSFMW.OVF94UWH6n8XCkWzF6VJ5wTEjOARqx.,True,ROM,6.1,363,5,2026-02-23T10:07:06.141899,2026-02-23T10:07:06.141899
85c4eb58-f49f-4827-80c5-013d43c08be9,Vendor_138_ROM,vendor138@eventhub.com,$2b$10$VyMyYM2Xw5GBq9.3jSFMW.OVF94UWH6n8XCkWzF6VJ5wTEjOARqx.,True,ROM,3.6,387,4,2026-02-23T10:07:06.141899,2026-02-23T10:07:06.141899
542910bc-3c74-48e9-bb2a-11b9b5e894c4,Vendor_139_ROM,vendor139@eventhub.com,$2b$10$VyMyYM2Xw5GBq9.3jSFMW.OVF94UWH6n8XCkWzF6VJ5wTEjOARqx.,True,ROM,7.4,520,2,2026-02-23T10:07:06.141899,2026-02-23T10:07:06.141899
f15fbea9-1ac8-42bd-8ae5-a5d5f9ec317a,Vendor_140_ROM,vendor140@eventhub.com,$2b$10$VyMyYM2Xw5GBq9.3jSFMW.OVF94UWH6n8XCkWzF6VJ5wTEjOARqx.,True,ROM,7.2,942,3,2026-02-23T10:07:06.141899,2026-02-23T10:07:06.141899
71030e02-37b3-453d-aada-f72791efe9a2,Vendor_141_ROM,vendor141@eventhub.com,$2b$10$VyMyYM2Xw5GBq9.3jSFMW.OVF94UWH6n8XCkWzF6VJ5wTEjOARqx.,True,ROM,7.4,799,3,2026-02-23T10:07:06.141899,2026-02-23T10:07:06.141899
e40d0943-2fc9-419c-baa6-f25009df286f,Vendor_142_ROM,vendor142@eventhub.com,$2b$10$VyMyYM2Xw5GBq9.3jSFMW.OVF94UWH6n8XCkWzF6VJ5wTEjOARqx.,True,ROM,5.9,999,5,2026-02-23T10:07:06.141899,2026-02-23T10:07:06.141899
65bc514d-7ca0-4be3-8565-0a670fbc02e9,Vendor_143_ROM,vendor143@eventhub.com,$2b$10$VyMyYM2Xw5GBq9.3jSFMW.OVF94UWH6n8XCkWzF6VJ5wTEjOARqx.,True,ROM,5.6,402,5,2026-02-23T10:07:06.141899,2026-02-23T10:07:06.141899
4c715285-c73a-4771-978c-0a4c4cee43ff,Vendor_144_ROM,vendor144@eventhub.com,$2b$10$VyMyYM2Xw5GBq9.3jSFMW.OVF94UWH6n8XCkWzF6VJ5wTEjOARqx.,True,ROM,3.6,820,4,2026-02-23T10:07:06.141899,2026-02-23T10:07:06.141899
8974eb01-3d86-455d-be6c-c7b0f3a5ddd9,Vendor_145_ROM,vendor145@eventhub.com,$2b$10$VyMyYM2Xw5GBq9.3jSFMW.OVF94UWH6n8XCkWzF6VJ5wTEjOARqx.,True,ROM,2.4,748,4,2026-02-23T10:07:06.141899,2026-02-23T10:07:06.141899
d6de7d8f-9aca-496d-91dd-e32d592a6cac,Vendor_146_ROM,vendor146@eventhub.com,$2b$10$VyMyYM2Xw5GBq9.3jSFMW.OVF94UWH6n8XCkWzF6VJ5wTEjOARqx.,True,ROM,2.2,825,1,2026-02-23T10:07:06.141899,2026-02-23T10:07:06.141899
85ac3eb7-c77e-4c28-b02d-27639752b0f6,Vendor_147_ROM,vendor147@eventhub.com,$2b$10$VyMyYM2Xw5GBq9.3jSFMW.OVF94UWH6n8XCkWzF6VJ5wTEjOARqx.,True,ROM,3.2,628,1,2026-02-23T10:07:06.141899,2026-02-23T10:07:06.141899
18976108-77ec-4c44-8506-ef3039012f11,Vendor_148_ROM,vendor148@eventhub.com,$2b$10$VyMyYM2Xw5GBq9.3jSFMW.OVF94UWH6n8XCkWzF6VJ5wTEjOARqx.,True,ROM,5.0,705,5,2026-02-23T10:07:06.141899,2026-02-23T10:07:06.141899
924167d5-7092-465e-bace-be7aa7cbafe2,Vendor_149_ROM,vendor149@eventhub.com,$2b$10$VyMyYM2Xw5GBq9.3jSFMW.OVF94UWH6n8XCkWzF6VJ5wTEjOARqx.,True,ROM,6.4,114,3,2026-02-23T10:07:06.141899,2026-02-23T10:07:06.141899
09d6597b-668f-46f8-bec4-95677d14074e,Vendor_150_ROM,vendor150@eventhub.com,$2b$10$VyMyYM2Xw5GBq9.3jSFMW.OVF94UWH6n8XCkWzF6VJ5wTEjOARqx.,True,ROM,4.8,268,5,2026-02-23T10:07:06.141899,2026-02-23T10:07:06.141899
652e4ec0-8d97-4f48-b1f8-b8a1c65b289a,Vendor_151_GEN,vendor151@eventhub.com,$2b$10$VyMyYM2Xw5GBq9.3jSFMW.OVF94UWH6n8XCkWzF6VJ5wTEjOARqx.,True,GEN,6.1,661,3,2026-02-23T10:07:06.141899,2026-02-23T10:07:06.141899
83e8011d-1bee-4ae7-92e7-98cd80944497,Vendor_152_GEN,vendor152@eventhub.com,$2b$10$VyMyYM2Xw5GBq9.3jSFMW.OVF94UWH6n8XCkWzF6VJ5wTEjOARqx.,True,GEN,9.0,82,2,2026-02-23T10:07:06.141899,2026-02-23T10:07:06.141899
0d3c0f95-38ea-4da6-aaae-b5e952fb0b2a,Vendor_153_GEN,vendor153@eventhub.com,$2b$10$VyMyYM2Xw5GBq9.3jSFMW.OVF94UWH6n8XCkWzF6VJ5wTEjOARqx.,True,GEN,4.4,529,3,2026-02-23T10:07:06.141899,2026-02-23T10:07:06.141899
65df2f68-034a-4f9c-8fda-80cc0dbc86a4,Vendor_154_GEN,vendor154@eventhub.com,$2b$10$VyMyYM2Xw5GBq9.3jSFMW.OVF94UWH6n8XCkWzF6VJ5wTEjOARqx.,True,GEN,5.1,935,5,2026-02-23T10:07:06.141899,2026-02-23T10:07:06.141899
a72b0de0-32ef-4971-a538-3391b90c754e,Vendor_155_GEN,vendor155@eventhub.com,$2b$10$VyMyYM2Xw5GBq9.3jSFMW.OVF94UWH6n8XCkWzF6VJ5wTEjOARqx.,True,GEN,8.4,634,5,2026-02-23T10:07:06.141899,2026-02-23T10:07:06.141899
f519167c-e6fb-4156-b524-82d73d21134e,Vendor_156_GEN,vendor156@eventhub.com,$2b$10$VyMyYM2Xw5GBq9.3jSFMW.OVF94UWH6n8XCkWzF6VJ5wTEjOARqx.,True,GEN,5.1,544,1,2026-02-23T10:07:06.141899,2026-02-23T10:07:06.141899
182c1e40-1414-4ae0-b58f-6ba34325f1fa,Vendor_157_GEN,vendor157@eventhub.com,$2b$10$VyMyYM2Xw5GBq9.3jSFMW.OVF94UWH6n8XCkWzF6VJ5wTEjOARqx.,True,GEN,5.5,435,3,2026-02-23T10:07:06.141899,2026-02-23T10:07:06.141899
62365963-49a6-46be-a582-90e83b08755b,Vendor_158_GEN,vendor158@eventhub.com,$2b$10$VyMyYM2Xw5GBq9.3jSFMW.OVF94UWH6n8XCkWzF6VJ5wTEjOARqx.,True,GEN,6.8,461,5,2026-02-23T10:07:06.141899,2026-02-23T10:07:06.141899
8e5ece92-e61b-4f1a-9b2d-f8b59c587824,Vendor_159_GEN,vendor159@eventhub.com,$2b$10$VyMyYM2Xw5GBq9.3jSFMW.OVF94UWH6n8XCkWzF6VJ5wTEjOARqx.,True,GEN,8.5,598,3,2026-02-23T10:07:06.141899,2026-02-23T10:07:06.141899
47f2f631-a2ee-45a2-846c-e34c17826e87,Vendor_160_GEN,vendor160@eventhub.com,$2b$10$VyMyYM2Xw5GBq9.3jSFMW.OVF94UWH6n8XCkWzF6VJ5wTEjOARqx.,True,GEN,2.3,637,4,2026-02-23T10:07:06.141899,2026-02-23T10:07:06.141899
241bb3d9-34b5-4f05-af13-a4a5a8c1bcee,Vendor_161_GEN,vendor161@eventhub.com,$2b$10$VyMyYM2Xw5GBq9.3jSFMW.OVF94UWH6n8XCkWzF6VJ5wTEjOARqx.,True,GEN,7.6,744,1,2026-02-23T10:07:06.141899,2026-02-23T10:07:06.141899
4b7bf9a1-c428-4394-b707-85d2765aca77,Vendor_162_GEN,vendor162@eventhub.com,$2b$10$VyMyYM2Xw5GBq9.3jSFMW.OVF94UWH6n8XCkWzF6VJ5wTEjOARqx.,True,GEN,8.6,321,4,2026-02-23T10:07:06.141899,2026-02-23T10:07:06.141899
a56fbfdf-a2d5-4fc3-a51e-b8361e892bf1,Vendor_163_GEN,vendor163@eventhub.com,$2b$10$VyMyYM2Xw5GBq9.3jSFMW.OVF94UWH6n8XCkWzF6VJ5wTEjOARqx.,True,GEN,2.0,451,3,2026-02-23T10:07:06.141899,2026-02-23T10:07:06.141899
4708a3cb-4a27-487e-82f3-7ae5b7319040,Vendor_164_GEN,vendor164@eventhub.com,$2b$10$VyMyYM2Xw5GBq9.3jSFMW.OVF94UWH6n8XCkWzF6VJ5wTEjOARqx.,True,GEN,2.3,455,3,2026-02-23T10:07:06.141899,2026-02-23T10:07:06.141899
bd68e151-c958-44dd-b455-3eeb95957087,Vendor_165_GEN,vendor165@eventhub.com,$2b$10$VyMyYM2Xw5GBq9.3jSFMW.OVF94UWH6n8XCkWzF6VJ5wTEjOARqx.,True,GEN,5.8,180,3,2026-02-23T10:07:06.141899,2026-02-23T10:07:06.141899
0834b168-c45a-47be-84a3-c0a7a22275ac,Vendor_166_CPH,vendor166@eventhub.com,$2b$10$VyMyYM2Xw5GBq9.3jSFMW.OVF94UWH6n8XCkWzF6VJ5wTEjOARqx.,True,CPH,3.8,784,4,2026-02-23T10:07:06.141899,2026-02-23T10:07:06.141899
fc667c09-36fd-47a6-af02-2c65539f3a7e,Vendor_167_CPH,vendor167@eventhub.com,$2b$10$VyMyYM2Xw5GBq9.3jSFMW.OVF94UWH6n8XCkWzF6VJ5wTEjOARqx.,True,CPH,2.0,606,4,2026-02-23T10:07:06.141899,2026-02-23T10:07:06.141899
6ec1ec06-a6b7-4025-b44b-0b69a7d8091c,Vendor_168_CPH,vendor168@eventhub.com,$2b$10$VyMyYM2Xw5GBq9.3jSFMW.OVF94UWH6n8XCkWzF6VJ5wTEjOARqx.,True,CPH,9.2,545,5,2026-02-23T10:07:06.141899,2026-02-23T10:07:06.141899
072f19e5-2e9c-4017-9a92-f49134d7baab,Vendor_169_CPH,vendor169@eventhub.com,$2b$10$VyMyYM2Xw5GBq9.3jSFMW.OVF94UWH6n8XCkWzF6VJ5wTEjOARqx.,True,CPH,6.4,269,3,2026-02-23T10:07:06.141899,2026-02-23T10:07:06.141899
a673c1fd-b7c4-4736-afca-6815d7ba0cf5,Vendor_170_CPH,vendor170@eventhub.com,$2b$10$VyMyYM2Xw5GBq9.3jSFMW.OVF94UWH6n8XCkWzF6VJ5wTEjOARqx.,True,CPH,8.9,834,5,2026-02-23T10:07:06.141899,2026-02-23T10:07:06.141899
d37497b7-c888-46c2-be38-54a0b4896bbf,Vendor_171_CPH,vendor171@eventhub.com,$2b$10$VyMyYM2Xw5GBq9.3jSFMW.OVF94UWH6n8XCkWzF6VJ5wTEjOARqx.,True,CPH,4.1,385,3,2026-02-23T10:07:06.141899,2026-02-23T10:07:06.141899
15418f8b-efee-4f53-a900-0f6f5b7eee21,Vendor_172_CPH,vendor172@eventhub.com,$2b$10$VyMyYM2Xw5GBq9.3jSFMW.OVF94UWH6n8XCkWzF6VJ5wTEjOARqx.,True,CPH,7.9,100,3,2026-02-23T10:07:06.141899,2026-02-23T10:07:06.141899
a2153168-99b0-417a-859e-c65d1da8a29a,Vendor_173_CPH,vendor173@eventhub.com,$2b$10$VyMyYM2Xw5GBq9.3jSFMW.OVF94UWH6n8XCkWzF6VJ5wTEjOARqx.,True,CPH,2.7,313,5,2026-02-23T10:07:06.141899,2026-02-23T10:07:06.141899
1e4361b6-626d-4e11-99c6-89863f2313d4,Vendor_174_CPH,vendor174@eventhub.com,$2b$10$VyMyYM2Xw5GBq9.3jSFMW.OVF94UWH6n8XCkWzF6VJ5wTEjOARqx.,True,CPH,7.6,105,2,2026-02-23T10:07:06.141899,2026-02-23T10:07:06.141899
02d7bd47-10b7-4227-852e-dc46c38a1ffc,Vendor_175_CPH,vendor175@eventhub.com,$2b$10$VyMyYM2Xw5GBq9.3jSFMW.OVF94UWH6n8XCkWzF6VJ5wTEjOARqx.,True,CPH,4.4,534,3,2026-02-23T10:07:06.141899,2026-02-23T10:07:06.141899
934c72f0-bc5c-4665-84eb-8ee6e1dc0bbf,Vendor_176_CPH,vendor176@eventhub.com,$2b$10$VyMyYM2Xw5GBq9.3jSFMW.OVF94UWH6n8XCkWzF6VJ5wTEjOARqx.,True,CPH,4.9,589,4,2026-02-23T10:07:06.141899,2026-02-23T10:07:06.141899
a7c80df9-de5b-4768-8774-0151aee195c5,Vendor_177_CPH,vendor177@eventhub.com,$2b$10$VyMyYM2Xw5GBq9.3jSFMW.OVF94UWH6n8XCkWzF6VJ5wTEjOARqx.,True,CPH,3.9,39,5,2026-02-23T10:07:06.141899,2026-02-23T10:07:06.141899
e61a3902-1f5d-4e91-ae23-ad91da45e7b7,Vendor_178_CPH,vendor178@eventhub.com,$2b$10$VyMyYM2Xw5GBq9.3jSFMW.OVF94UWH6n8XCkWzF6VJ5wTEjOARqx.,True,CPH,2.6,866,4,2026-02-23T10:07:06.141899,2026-02-23T10:07:06.141899
8582fad3-4261-430a-a49a-b78d478327dc,Vendor_179_CPH,vendor179@eventhub.com,$2b$10$VyMyYM2Xw5GBq9.3jSFMW.OVF94UWH6n8XCkWzF6VJ5wTEjOARqx.,True,CPH,3.6,679,5,2026-02-23T10:07:06.141899,2026-02-23T10:07:06.141899
633395d3-ec49-429c-93fb-772796876546,Vendor_180_CPH,vendor180@eventhub.com,$2b$10$VyMyYM2Xw5GBq9.3jSFMW.OVF94UWH6n8XCkWzF6VJ5wTEjOARqx.,True,CPH,4.9,246,5,2026-02-23T10:07:06.141899,2026-02-23T10:07:06.141899
46ff4d16-74c9-4c23-bd2d-c37fe15508ef,Vendor_181_BKK,vendor181@eventhub.com,$2b$10$VyMyYM2Xw5GBq9.3jSFMW.OVF94UWH6n8XCkWzF6VJ5wTEjOARqx.,True,BKK,7.3,696,2,2026-02-23T10:07:06.141899,2026-02-23T10:07:06.141899
8b1d26ef-8deb-4dcf-b6ae-57b143f68069,Vendor_182_BKK,vendor182@eventhub.com,$2b$10$VyMyYM2Xw5GBq9.3jSFMW.OVF94UWH6n8XCkWzF6VJ5wTEjOARqx.,True,BKK,8.4,838,3,2026-02-23T10:07:06.141899,2026-02-23T10:07:06.141899
760a0f10-03f1-49b3-afb4-93475dd2ff90,Vendor_183_BKK,vendor183@eventhub.com,$2b$10$VyMyYM2Xw5GBq9.3jSFMW.OVF94UWH6n8XCkWzF6VJ5wTEjOARqx.,True,BKK,5.2,224,4,2026-02-23T10:07:06.141899,2026-02-23T10:07:06.141899
b9c0f465-8514-4f4c-883e-f816212c262d,Vendor_184_BKK,vendor184@eventhub.com,$2b$10$VyMyYM2Xw5GBq9.3jSFMW.OVF94UWH6n8XCkWzF6VJ5wTEjOARqx.,True,BKK,2.3,650,4,2026-02-23T10:07:06.141899,2026-02-23T10:07:06.141899
20cfbac3-e382-43f9-95f0-89f71dcf7699,Vendor_185_BKK,vendor185@eventhub.com,$2b$10$VyMyYM2Xw5GBq9.3jSFMW.OVF94UWH6n8XCkWzF6VJ5wTEjOARqx.,True,BKK,6.3,313,2,2026-02-23T10:07:06.141899,2026-02-23T10:07:06.141899
82f39b58-e3de-4bd9-b2f1-75e3d1d00cea,Vendor_186_BKK,vendor186@eventhub.com,$2b$10$VyMyYM2Xw5GBq9.3jSFMW.OVF94UWH6n8XCkWzF6VJ5wTEjOARqx.,True,BKK,6.8,934,4,2026-02-23T10:07:06.141899,2026-02-23T10:07:06.141899
f8b32aab-08ef-4073-8491-68a4d5011df4,Vendor_187_BKK,vendor187@eventhub.com,$2b$10$VyMyYM2Xw5GBq9.3jSFMW.OVF94UWH6n8XCkWzF6VJ5wTEjOARqx.,True,BKK,4.3,271,4,2026-02-23T10:07:06.141899,2026-02-23T10:07:06.141899
fba147ae-983e-498c-9f8b-f1169b6cbd91,Vendor_188_BKK,vendor188@eventhub.com,$2b$10$VyMyYM2Xw5GBq9.3jSFMW.OVF94UWH6n8XCkWzF6VJ5wTEjOARqx.,True,BKK,3.6,842,5,2026-02-23T10:07:06.141899,2026-02-23T10:07:06.141899
19fc2f21-b2e4-48c1-b1b7-e77812ee2512,Vendor_189_BKK,vendor189@eventhub.com,$2b$10$VyMyYM2Xw5GBq9.3jSFMW.OVF94UWH6n8XCkWzF6VJ5wTEjOARqx.,True,BKK,4.9,13,5,2026-02-23T10:07:06.141899,2026-02-23T10:07:06.141899
2393daa0-9e57-4263-909c-1339fa047e40,Vendor_190_BKK,vendor190@eventhub.com,$2b$10$VyMyYM2Xw5GBq9.3jSFMW.OVF94UWH6n8XCkWzF6VJ5wTEjOARqx.,True,BKK,8.9,632,2,2026-02-23T10:07:06.141899,2026-02-23T10:07:06.141899
f848cb84-5cfc-4173-bf8d-db4c9aac2db6,Vendor_191_BKK,vendor191@eventhub.com,$2b$10$VyMyYM2Xw5GBq9.3jSFMW.OVF94UWH6n8XCkWzF6VJ5wTEjOARqx.,True,BKK,8.6,638,2,2026-02-23T10:07:06.141899,2026-02-23T10:07:06.141899
9fddbc07-d727-478f-bb15-3c796b747bb5,Vendor_192_BKK,vendor192@eventhub.com,$2b$10$VyMyYM2Xw5GBq9.3jSFMW.OVF94UWH6n8XCkWzF6VJ5wTEjOARqx.,True,BKK,7.6,826,4,2026-02-23T10:07:06.141899,2026-02-23T10:07:06.141899
f2fd4e1a-0057-4b60-abfe-cebe1a0d4654,Vendor_193_BKK,vendor193@eventhub.com,$2b$10$VyMyYM2Xw5GBq9.3jSFMW.OVF94UWH6n8XCkWzF6VJ5wTEjOARqx.,True,BKK,3.3,71,3,2026-02-23T10:07:06.141899,2026-02-23T10:07:06.141899
d3d51469-f43f-4fc9-ae81-b71af16bd5dd,Vendor_194_BKK,vendor194@eventhub.com,$2b$10$VyMyYM2Xw5GBq9.3jSFMW.OVF94UWH6n8XCkWzF6VJ5wTEjOARqx.,True,BKK,7.2,514,3,2026-02-23T10:07:06.141899,2026-02-23T10:07:06.141899
00ed33ce-8f1b-4514-90aa-1c8360d10c8b,Vendor_195_BKK,vendor195@eventhub.com,$2b$10$VyMyYM2Xw5GBq9.3jSFMW.OVF94UWH6n8XCkWzF6VJ5wTEjOARqx.,True,BKK,9.2,339,2,2026-02-23T10:07:06.141899,2026-02-23T10:07:06.141899
48eed45d-8f49-4056-8849-5bb3be67adff,Vendor_196_BKK,vendor196@eventhub.com,$2b$10$VyMyYM2Xw5GBq9.3jSFMW.OVF94UWH6n8XCkWzF6VJ5wTEjOARqx.,True,BKK,2.1,742,3,2026-02-23T10:07:06.141899,2026-02-23T10:07:06.141899
d6ee1a4f-19e6-4330-b3dd-32ac3f560fba,Vendor_197_BKK,vendor197@eventhub.com,$2b$10$VyMyYM2Xw5GBq9.3jSFMW.OVF94UWH6n8XCkWzF6VJ5wTEjOARqx.,True,BKK,5.6,698,4,2026-02-23T10:07:06.141899,2026-02-23T10:07:06.141899
906d6f26-1ac9-4cc9-b092-bc5cf0ee9bd8,Vendor_198_BKK,vendor198@eventhub.com,$2b$10$VyMyYM2Xw5GBq9.3jSFMW.OVF94UWH6n8XCkWzF6VJ5wTEjOARqx.,True,BKK,2.1,248,3,2026-02-23T10:07:06.141899,2026-02-23T10:07:06.141899
1c89fbea-b293-40cc-a984-50d7e11b1596,Vendor_199_BKK,vendor199@eventhub.com,$2b$10$VyMyYM2Xw5GBq9.3jSFMW.OVF94UWH6n8XCkWzF6VJ5wTEjOARqx.,True,BKK,6.6,637,2,2026-02-23T10:07:06.141899,2026-02-23T10:07:06.141899
5c0051c2-e086-439c-b45a-cd01641ab55a,Vendor_200_BKK,vendor200@eventhub.com,$2b$10$VyMyYM2Xw5GBq9.3jSFMW.OVF94UWH6n8XCkWzF6VJ5wTEjOARqx.,True,BKK,5.0,247,3,2026-02-23T10:07:06.141899,2026-02-23T10:07:06.141899
61ea3994-d995-4ec4-b5e3-7d4c2b7be457,Vendor_201_NYC,vendor201@eventhub.com,$2b$10$VyMyYM2Xw5GBq9.3jSFMW.OVF94UWH6n8XCkWzF6VJ5wTEjOARqx.,True,NYC,4.9,532,4,2026-02-23T10:07:06.141899,2026-02-23T10:07:06.141899
94caa4bc-2c2b-40d2-a4bd-33e426f28933,Vendor_202_NYC,vendor202@eventhub.com,$2b$10$VyMyYM2Xw5GBq9.3jSFMW.OVF94UWH6n8XCkWzF6VJ5wTEjOARqx.,True,NYC,2.2,682,5,2026-02-23T10:07:06.141899,2026-02-23T10:07:06.141899
fe0a1888-da85-4e1b-9705-61368a04c390,Vendor_203_NYC,vendor203@eventhub.com,$2b$10$VyMyYM2Xw5GBq9.3jSFMW.OVF94UWH6n8XCkWzF6VJ5wTEjOARqx.,True,NYC,3.6,610,3,2026-02-23T10:07:06.141899,2026-02-23T10:07:06.141899
4bc8505d-636c-46ba-9e9a-7736bbfa50ce,Vendor_204_NYC,vendor204@eventhub.com,$2b$10$VyMyYM2Xw5GBq9.3jSFMW.OVF94UWH6n8XCkWzF6VJ5wTEjOARqx.,True,NYC,4.4,486,1,2026-02-23T10:07:06.141899,2026-02-23T10:07:06.141899
a5cd5f62-1ac7-43b5-ab65-36a5216b2cca,Vendor_205_NYC,vendor205@eventhub.com,$2b$10$VyMyYM2Xw5GBq9.3jSFMW.OVF94UWH6n8XCkWzF6VJ5wTEjOARqx.,True,NYC,3.6,855,3,2026-02-23T10:07:06.141899,2026-02-23T10:07:06.141899
c6ddfae6-0295-4a67-adae-839ab9943772,Vendor_206_NYC,vendor206@eventhub.com,$2b$10$VyMyYM2Xw5GBq9.3jSFMW.OVF94UWH6n8XCkWzF6VJ5wTEjOARqx.,True,NYC,2.5,721,2,2026-02-23T10:07:06.141899,2026-02-23T10:07:06.141899
ebcebca3-b2b0-40df-9541-5258b7728024,Vendor_207_NYC,vendor207@eventhub.com,$2b$10$VyMyYM2Xw5GBq9.3jSFMW.OVF94UWH6n8XCkWzF6VJ5wTEjOARqx.,True,NYC,8.6,84,1,2026-02-23T10:07:06.141899,2026-02-23T10:07:06.141899
532016b6-9a73-46f6-900b-0420d3cddfc2,Vendor_208_NYC,vendor208@eventhub.com,$2b$10$VyMyYM2Xw5GBq9.3jSFMW.OVF94UWH6n8XCkWzF6VJ5wTEjOARqx.,True,NYC,4.1,129,3,2026-02-23T10:07:06.141899,2026-02-23T10:07:06.141899
f19bc6da-42b3-4891-8bb4-9b1a35649599,Vendor_209_NYC,vendor209@eventhub.com,$2b$10$VyMyYM2Xw5GBq9.3jSFMW.OVF94UWH6n8XCkWzF6VJ5wTEjOARqx.,True,NYC,3.7,679,5,2026-02-23T10:07:06.141899,2026-02-23T10:07:06.141899
378fa9a2-a67d-4d99-ae74-393f0565cd94,Vendor_210_NYC,vendor210@eventhub.com,$2b$10$VyMyYM2Xw5GBq9.3jSFMW.OVF94UWH6n8XCkWzF6VJ5wTEjOARqx.,True,NYC,3.5,809,2,2026-02-23T10:07:06.141899,2026-02-23T10:07:06.141899
13a6ddd2-cdf0-489e-9ce0-6e464a6b979e,Vendor_211_NYC,vendor211@eventhub.com,$2b$10$VyMyYM2Xw5GBq9.3jSFMW.OVF94UWH6n8XCkWzF6VJ5wTEjOARqx.,True,NYC,3.1,955,3,2026-02-23T10:07:06.141899,2026-02-23T10:07:06.141899
7a172666-47f7-4053-abdf-80435b804e16,Vendor_212_NYC,vendor212@eventhub.com,$2b$10$VyMyYM2Xw5GBq9.3jSFMW.OVF94UWH6n8XCkWzF6VJ5wTEjOARqx.,True,NYC,7.8,872,4,2026-02-23T10:07:06.141899,2026-02-23T10:07:06.141899
ea183b73-664b-49f5-83e2-4a216e6f76ea,Vendor_213_NYC,vendor213@eventhub.com,$2b$10$VyMyYM2Xw5GBq9.3jSFMW.OVF94UWH6n8XCkWzF6VJ5wTEjOARqx.,True,NYC,8.3,911,1,2026-02-23T10:07:06.141899,2026-02-23T10:07:06.141899
fabfbfd9-781a-4afa-a6cc-a0845aeb63d2,Vendor_214_NYC,vendor214@eventhub.com,$2b$10$VyMyYM2Xw5GBq9.3jSFMW.OVF94UWH6n8XCkWzF6VJ5wTEjOARqx.,True,NYC,8.8,178,5,2026-02-23T10:07:06.141899,2026-02-23T10:07:06.141899
06c6c6b9-5c10-40d6-994c-6a93bfd600a8,Vendor_215_NYC,vendor215@eventhub.com,$2b$10$VyMyYM2Xw5GBq9.3jSFMW.OVF94UWH6n8XCkWzF6VJ5wTEjOARqx.,True,NYC,7.8,301,5,2026-02-23T10:07:06.141899,2026-02-23T10:07:06.141899
08a9f26e-9f33-4dff-9ed9-20d9db20fdec,Vendor_216_NYC,vendor216@eventhub.com,$2b$10$VyMyYM2Xw5GBq9.3jSFMW.OVF94UWH6n8XCkWzF6VJ5wTEjOARqx.,True,NYC,4.7,983,3,2026-02-23T10:07:06.141899,2026-02-23T10:07:06.141899
b73ca883-c8d9-4c9b-b50f-c1cac171cfe0,Vendor_217_NYC,vendor217@eventhub.com,$2b$10$VyMyYM2Xw5GBq9.3jSFMW.OVF94UWH6n8XCkWzF6VJ5wTEjOARqx.,True,NYC,5.3,408,4,2026-02-23T10:07:06.141899,2026-02-23T10:07:06.141899
e334f5ff-4b8f-4305-b923-7415af657cc9,Vendor_218_NYC,vendor218@eventhub.com,$2b$10$VyMyYM2Xw5GBq9.3jSFMW.OVF94UWH6n8XCkWzF6VJ5wTEjOARqx.,True,NYC,3.2,283,5,2026-02-23T10:07:06.141899,2026-02-23T10:07:06.141899
7069c3e7-9099-4180-b7e4-2ed26a5daa81,Vendor_219_NYC,vendor219@eventhub.com,$2b$10$VyMyYM2Xw5GBq9.3jSFMW.OVF94UWH6n8XCkWzF6VJ5wTEjOARqx.,True,NYC,2.1,677,4,2026-02-23T10:07:06.141899,2026-02-23T10:07:06.141899
19d4c6ed-7ae6-4dc2-a344-76cbe4862bbe,Vendor_220_NYC,vendor220@eventhub.com,$2b$10$VyMyYM2Xw5GBq9.3jSFMW.OVF94UWH6n8XCkWzF6VJ5wTEjOARqx.,True,NYC,6.3,153,3,2026-02-23T10:07:06.141899,2026-02-23T10:07:06.141899
ac49f0d5-b7e7-4931-8ddd-84460b349dd6,Vendor_221_NYC,vendor221@eventhub.com,$2b$10$VyMyYM2Xw5GBq9.3jSFMW.OVF94UWH6n8XCkWzF6VJ5wTEjOARqx.,True,NYC,5.0,839,5,2026-02-23T10:07:06.141899,2026-02-23T10:07:06.141899
c351b6d1-992c-4765-a925-d7697f684a82,Vendor_222_NYC,vendor222@eventhub.com,$2b$10$VyMyYM2Xw5GBq9.3jSFMW.OVF94UWH6n8XCkWzF6VJ5wTEjOARqx.,True,NYC,9.7,354,1,2026-02-23T10:07:06.141899,2026-02-23T10:07:06.141899
c67def0c-efed-4f04-a4a7-039780f12d1f,Vendor_223_NYC,vendor223@eventhub.com,$2b$10$VyMyYM2Xw5GBq9.3jSFMW.OVF94UWH6n8XCkWzF6VJ5wTEjOARqx.,True,NYC,2.1,219,5,2026-02-23T10:07:06.141899,2026-02-23T10:07:06.141899
dce046a3-66c8-436c-9019-b86b5a4b420f,Vendor_224_NYC,vendor224@eventhub.com,$2b$10$VyMyYM2Xw5GBq9.3jSFMW.OVF94UWH6n8XCkWzF6VJ5wTEjOARqx.,True,NYC,7.8,366,3,2026-02-23T10:07:06.141899,2026-02-23T10:07:06.141899
5e772b20-42c4-4abb-8171-092c79316104,Vendor_225_NYC,vendor225@eventhub.com,$2b$10$VyMyYM2Xw5GBq9.3jSFMW.OVF94UWH6n8XCkWzF6VJ5wTEjOARqx.,True,NYC,5.2,347,3,2026-02-23T10:07:06.141899,2026-02-23T10:07:06.141899
0dc0bbac-8ed9-4ac2-a592-243edc4a64ee,Vendor_226_MIA,vendor226@eventhub.com,$2b$10$VyMyYM2Xw5GBq9.3jSFMW.OVF94UWH6n8XCkWzF6VJ5wTEjOARqx.,True,MIA,3.4,423,4,2026-02-23T10:07:06.141899,2026-02-23T10:07:06.141899
4fc38b50-b833-4c69-a4e9-8df348b5b55e,Vendor_227_MIA,vendor227@eventhub.com,$2b$10$VyMyYM2Xw5GBq9.3jSFMW.OVF94UWH6n8XCkWzF6VJ5wTEjOARqx.,True,MIA,3.1,965,5,2026-02-23T10:07:06.141899,2026-02-23T10:07:06.141899
356bc5e2-4ed4-49b4-8ff0-9944ecdb6e90,Vendor_228_MIA,vendor228@eventhub.com,$2b$10$VyMyYM2Xw5GBq9.3jSFMW.OVF94UWH6n8XCkWzF6VJ5wTEjOARqx.,True,MIA,3.6,9,4,2026-02-23T10:07:06.141899,2026-02-23T10:07:06.141899
8ccd2f01-0dfc-4b8d-b2f1-0bc4bb1bf6e3,Vendor_229_MIA,vendor229@eventhub.com,$2b$10$VyMyYM2Xw5GBq9.3jSFMW.OVF94UWH6n8XCkWzF6VJ5wTEjOARqx.,True,MIA,2.7,923,1,2026-02-23T10:07:06.141899,2026-02-23T10:07:06.141899
c4913dc2-e6a3-40d9-a74a-5d58b320a09e,Vendor_230_MIA,vendor230@eventhub.com,$2b$10$VyMyYM2Xw5GBq9.3jSFMW.OVF94UWH6n8XCkWzF6VJ5wTEjOARqx.,True,MIA,2.1,489,5,2026-02-23T10:07:06.141899,2026-02-23T10:07:06.141899
5dc616de-265f-4f6e-9b8b-dc14f611b118,Vendor_231_MIA,vendor231@eventhub.com,$2b$10$VyMyYM2Xw5GBq9.3jSFMW.OVF94UWH6n8XCkWzF6VJ5wTEjOARqx.,True,MIA,2.7,779,2,2026-02-23T10:07:06.141899,2026-02-23T10:07:06.141899
31aa4ee2-da23-4ff6-b9cb-64a164302314,Vendor_232_MIA,vendor232@eventhub.com,$2b$10$VyMyYM2Xw5GBq9.3jSFMW.OVF94UWH6n8XCkWzF6VJ5wTEjOARqx.,True,MIA,9.7,296,4,2026-02-23T10:07:06.141899,2026-02-23T10:07:06.141899
e57725bc-cf49-420f-af55-01150b19a234,Vendor_233_MIA,vendor233@eventhub.com,$2b$10$VyMyYM2Xw5GBq9.3jSFMW.OVF94UWH6n8XCkWzF6VJ5wTEjOARqx.,True,MIA,8.5,561,5,2026-02-23T10:07:06.141899,2026-02-23T10:07:06.141899
29d07aec-d39c-44ff-bab1-df42957dcb09,Vendor_234_MIA,vendor234@eventhub.com,$2b$10$VyMyYM2Xw5GBq9.3jSFMW.OVF94UWH6n8XCkWzF6VJ5wTEjOARqx.,True,MIA,2.3,957,3,2026-02-23T10:07:06.141899,2026-02-23T10:07:06.141899
945cb0fd-20d6-4d07-9e9b-a77e4baffb4b,Vendor_235_MIA,vendor235@eventhub.com,$2b$10$VyMyYM2Xw5GBq9.3jSFMW.OVF94UWH6n8XCkWzF6VJ5wTEjOARqx.,True,MIA,7.8,159,4,2026-02-23T10:07:06.141899,2026-02-23T10:07:06.141899
d7294a00-1996-494a-a419-b7a8aff46aab,Vendor_236_MIA,vendor236@eventhub.com,$2b$10$VyMyYM2Xw5GBq9.3jSFMW.OVF94UWH6n8XCkWzF6VJ5wTEjOARqx.,True,MIA,5.8,287,3,2026-02-23T10:07:06.141899,2026-02-23T10:07:06.141899
5a85ecba-448d-4dfa-b599-31d78c5b6e45,Vendor_237_MIA,vendor237@eventhub.com,$2b$10$VyMyYM2Xw5GBq9.3jSFMW.OVF94UWH6n8XCkWzF6VJ5wTEjOARqx.,True,MIA,5.9,581,5,2026-02-23T10:07:06.141899,2026-02-23T10:07:06.141899
ee4fbd28-2154-4fec-b479-ac316a9c9da9,Vendor_238_MIA,vendor238@eventhub.com,$2b$10$VyMyYM2Xw5GBq9.3jSFMW.OVF94UWH6n8XCkWzF6VJ5wTEjOARqx.,True,MIA,4.4,405,3,2026-02-23T10:07:06.141899,2026-02-23T10:07:06.141899
9ea68cf0-f384-4a6e-8f44-90c95e7e6948,Vendor_239_MIA,vendor239@eventhub.com,$2b$10$VyMyYM2Xw5GBq9.3jSFMW.OVF94UWH6n8XCkWzF6VJ5wTEjOARqx.,True,MIA,7.2,204,3,2026-02-23T10:07:06.141899,2026-02-23T10:07:06.141899
909c7a6d-15c3-44e5-ae17-d7b51fb18130,Vendor_240_MIA,vendor240@eventhub.com,$2b$10$VyMyYM2Xw5GBq9.3jSFMW.OVF94UWH6n8XCkWzF6VJ5wTEjOARqx.,True,MIA,6.1,626,4,2026-02-23T10:07:06.141899,2026-02-23T10:07:06.141899
4da3742b-e19a-4ca6-a0ea-78bebf6622d3,Vendor_241_MIA,vendor241@eventhub.com,$2b$10$VyMyYM2Xw5GBq9.3jSFMW.OVF94UWH6n8XCkWzF6VJ5wTEjOARqx.,True,MIA,5.9,286,4,2026-02-23T10:07:06.141899,2026-02-23T10:07:06.141899
110eea95-c545-44ac-b8a8-443b0406b5f7,Vendor_242_MIA,vendor242@eventhub.com,$2b$10$VyMyYM2Xw5GBq9.3jSFMW.OVF94UWH6n8XCkWzF6VJ5wTEjOARqx.,True,MIA,6.6,437,3,2026-02-23T10:07:06.141899,2026-02-23T10:07:06.141899
2b598ae4-190d-4481-b82b-a0f21ca92bb0,Vendor_243_MIA,vendor243@eventhub.com,$2b$10$VyMyYM2Xw5GBq9.3jSFMW.OVF94UWH6n8XCkWzF6VJ5wTEjOARqx.,True,MIA,4.1,596,2,2026-02-23T10:07:06.141899,2026-02-23T10:07:06.141899
5b975282-2a8e-44a1-81f3-1669846e48b0,Vendor_244_MIA,vendor244@eventhub.com,$2b$10$VyMyYM2Xw5GBq9.3jSFMW.OVF94UWH6n8XCkWzF6VJ5wTEjOARqx.,True,MIA,4.6,203,3,2026-02-23T10:07:06.141899,2026-02-23T10:07:06.141899
f6da7420-85d1-4a93-a648-f5486b407755,Vendor_245_MIA,vendor245@eventhub.com,$2b$10$VyMyYM2Xw5GBq9.3jSFMW.OVF94UWH6n8XCkWzF6VJ5wTEjOARqx.,True,MIA,8.4,603,1,2026-02-23T10:07:06.141899,2026-02-23T10:07:06.141899
727751b4-ac7a-4846-a192-ab98acf61452,Vendor_246_MIA,vendor246@eventhub.com,$2b$10$VyMyYM2Xw5GBq9.3jSFMW.OVF94UWH6n8XCkWzF6VJ5wTEjOARqx.,True,MIA,8.8,372,2,2026-02-23T10:07:06.141899,2026-02-23T10:07:06.141899
efe566cd-9884-41fe-baa9-d058502686a1,Vendor_247_MIA,vendor247@eventhub.com,$2b$10$VyMyYM2Xw5GBq9.3jSFMW.OVF94UWH6n8XCkWzF6VJ5wTEjOARqx.,True,MIA,7.6,420,2,2026-02-23T10:07:06.141899,2026-02-23T10:07:06.141899
beef87db-3c3b-46cb-a3ee-59a2dd2c8a7f,Vendor_248_MIA,vendor248@eventhub.com,$2b$10$VyMyYM2Xw5GBq9.3jSFMW.OVF94UWH6n8XCkWzF6VJ5wTEjOARqx.,True,MIA,3.2,622,2,2026-02-23T10:07:06.141899,2026-02-23T10:07:06.141899
927f4c12-d9c9-4bc9-a76b-943083bb4b1c,Vendor_249_MIA,vendor249@eventhub.com,$2b$10$VyMyYM2Xw5GBq9.3jSFMW.OVF94UWH6n8XCkWzF6VJ5wTEjOARqx.,True,MIA,4.9,844,3,2026-02-23T10:07:06.141899,2026-02-23T10:07:06.141899
6a9d7fc1-6154-47a0-bd3c-a8b4734ce316,Vendor_250_MIA,vendor250@eventhub.com,$2b$10$VyMyYM2Xw5GBq9.3jSFMW.OVF94UWH6n8XCkWzF6VJ5wTEjOARqx.,True,MIA,7.0,50,2,2026-02-23T10:07:06.141899,2026-02-23T10:07:06.141899
